date,% WEIGHTED ILI,%UNWEIGHTED ILI,AGE 0-4,AGE 5-24,ILITOTAL,NUM. OF PROVIDERS,OT
2002-01-01 00:00:00,1.22262,1.16668,582,805,2060,754,169548.92756230512
2002-01-08 00:00:00,1.33344,1.2165,683,872,2267,785,174964.95255091618
2002-01-15 00:00:00,1.31929,1.13057,642,878,2176,831,180601.35408556022
2002-01-22 00:00:00,1.49484,1.25246,728,1045,2599,863,193158.09339012258
2002-01-29 00:00:00,1.47195,1.30237,823,1189,2907,909,206960.4628871308
2002-02-05 00:00:00,1.58094,1.40551,887,1272,3225,930,212988.1230827313
2002-02-12 00:00:00,1.49426,1.38437,851,1173,3097,923,208125.0106486976
2002-02-19 00:00:00,1.40569,1.32563,802,1166,2967,922,208555.8017079042
2002-02-26 00:00:00,1.6141,1.43475,834,978,2709,918,179516.60155669114
2002-03-05 00:00:00,1.45967,1.25433,857,1117,3049,937,227071.04984189215
2002-03-12 00:00:00,1.59896,1.25757,804,1179,2957,928,220524.58638195542
2002-03-19 00:00:00,2.16697,1.58017,951,1404,3416,908,203517.46592627204
2002-03-26 00:00:00,2.57842,1.98008,915,937,2857,865,143554.48877792637
2002-04-02 00:00:00,2.38636,1.90428,1028,1019,3260,879,164720.08993619194
2002-04-09 00:00:00,1.7362099999999998,1.5901,1068,1296,3729,926,218378.21834835538
2002-04-16 00:00:00,2.06296,1.81559,1154,1798,4204,902,217560.9008965636
2002-04-23 00:00:00,2.58113,2.41801,1373,2998,5696,927,222254.91338592046
2002-04-30 00:00:00,2.93909,2.86635,1411,4064,7079,884,232897.30809553087
2002-05-07 00:00:00,3.22539,3.16662,1606,4447,7782,889,231606.60810342038
2002-05-14 00:00:00,3.06982,3.0155,1568,4224,7649,903,239365.8188672684
2002-05-21 00:00:00,3.20044,2.9978,1694,3689,7228,871,228699.80140928636
2002-05-28 00:00:00,2.44888,2.31957,1336,2583,5606,857,229504.11073170748
2002-06-04 00:00:00,2.1344,1.94707,1015,2103,4450,839,218599.79796025652
2002-06-11 00:00:00,1.99866,1.72985,880,1669,3810,835,212158.06546082004
2002-06-18 00:00:00,1.93849,1.51837,737,1321,2987,795,191618.88454303768
2002-06-25 00:00:00,1.41293,1.22616,624,1016,2439,775,193531.45001347046
2002-07-02 00:00:00,1.23472,1.05433,506,846,2028,741,188437.94038910625
2002-07-09 00:00:00,1.20005,1.07108,569,799,2082,735,191329.72700921874
2002-07-16 00:00:00,0.910135,0.8261200000000001,440,539,1467,669,176631.12418766835
2002-07-23 00:00:00,0.932265,0.8205049999999999,429,508,1445,682,175736.83035585846
2002-07-30 00:00:00,0.692175,0.630846,275,444,1075,655,171004.88193833048
2002-08-06 00:00:00,0.6694060000000001,0.63935,215,471,1005,613,159770.0004763911
2002-08-13 00:00:00,0.727705,0.586609,248,283,836,547,147662.14188793706
2002-08-20 00:00:00,0.717701,0.7730239999999999,264,262,740,406,106352.16413611754
2002-08-27 00:00:00,0.7893939999999999,0.790743,213,205,641,393,94807.95846474777
2002-09-03 00:00:00,0.722129,0.711847,201,195,563,344,93579.31836089106
2002-09-10 00:00:00,0.591326,0.794637,198,187,620,341,92038.22868153479
2002-09-17 00:00:00,0.52307,0.586604,139,123,423,322,87126.00072233015
2002-09-24 00:00:00,0.4502359999999999,0.6159819999999999,122,124,441,322,86652.38272535717
2002-10-01 00:00:00,0.397421,0.4915069999999999,109,91,318,310,80682.54824136774
2002-10-08 00:00:00,0.448002,0.604341,137,141,441,308,90032.3084393596
2002-10-15 00:00:00,0.474767,0.524478,98,98,365,301,86938.45308843936
2002-10-22 00:00:00,0.453251,0.590692,112,139,420,302,88749.30452742752
2002-10-29 00:00:00,0.3521579999999999,0.505135,100,120,361,290,89432.91757695361
2002-11-05 00:00:00,0.5253220000000001,0.634271,136,125,443,295,86639.7998194154
2002-11-12 00:00:00,0.492991,0.610118,120,131,421,283,87579.40293586638
2002-11-19 00:00:00,0.542728,0.641227,159,144,450,277,88469.7828162442
2002-11-26 00:00:00,0.490347,0.661429,166,155,463,276,88656.5817208806
2002-12-03 00:00:00,0.7359140000000001,0.7926810000000001,177,182,519,271,84445.78392773963
2002-12-10 00:00:00,0.581771,0.639059,145,184,475,267,92062.22001643812
2002-12-17 00:00:00,0.654162,0.636732,136,183,461,264,89969.3311520489
2002-12-24 00:00:00,0.749504,0.747829,135,221,533,268,89002.66993435324
2002-12-31 00:00:00,0.884021,0.960873,808,881,2442,830,255037.28559941085
2003-01-07 00:00:00,1.02773,1.04325,913,1132,2932,931,269742.45974908414
2003-01-14 00:00:00,1.28296,1.0545,878,1147,3031,974,275358.4576347643
2003-01-21 00:00:00,1.32661,1.11231,1006,1369,3475,1007,297313.72652894876
2003-01-28 00:00:00,1.7730400000000002,1.41274,1207,2080,4690,1074,315037.614629013
2003-02-04 00:00:00,2.43814,1.7270299999999998,1542,2735,5790,1111,317866.20897757297
2003-02-11 00:00:00,2.72605,2.407,2185,4133,8385,1141,331455.8136356722
2003-02-18 00:00:00,3.73192,3.10962,2561,5684,11141,1129,341650.1661129738
2003-02-25 00:00:00,4.54894,4.30779,3247,4933,11742,1118,264917.7232250838
2003-03-04 00:00:00,5.39906,4.8303,4734,7817,18948,1189,375239.65317297337
2003-03-11 00:00:00,7.38735,6.42905,6620,11550,24962,1173,372980.56530369434
2003-03-18 00:00:00,7.48097,6.86734,6434,9851,23699,1148,331543.26430953265
2003-03-25 00:00:00,7.627969999999999,7.064960000000001,5336,5231,16415,1122,230067.1579968271
2003-04-01 00:00:00,5.14051,4.55115,3391,2894,11332,1139,244602.3407068394
2003-04-08 00:00:00,2.89129,2.41833,1930,2299,7602,1160,299966.54075955297
2003-04-15 00:00:00,2.10429,1.80906,1679,1857,5583,1141,293869.6557081966
2003-04-22 00:00:00,1.88696,1.71202,1721,1604,4961,1084,276294.33337828686
2003-04-29 00:00:00,1.7766,1.5425,1487,1543,4436,1071,272063.7109098407
2003-05-06 00:00:00,1.46001,1.43787,1454,1448,4251,1054,280151.2567977852
2003-05-13 00:00:00,1.3778700000000002,1.32427,1420,1297,3824,986,272641.53477788763
2003-05-20 00:00:00,1.30532,1.30726,1301,1255,3691,1004,268467.73691236955
2003-05-27 00:00:00,1.08691,1.03698,956,1038,2916,948,267334.92978070467
2003-06-03 00:00:00,0.991888,1.01032,925,910,2744,894,259543.53047082853
2003-06-10 00:00:00,1.02765,1.05249,878,888,2708,897,246797.71559835158
2003-06-17 00:00:00,1.0579,1.02009,730,826,2487,849,236412.18855005535
2003-06-24 00:00:00,0.849361,0.924419,760,733,2300,859,241905.07562256022
2003-07-01 00:00:00,0.7471270000000001,0.7906449999999999,610,611,1858,828,229356.3769212243
2003-07-08 00:00:00,0.661708,0.80261,583,566,1705,774,208328.70722593763
2003-07-15 00:00:00,0.6795140000000001,0.8361299999999999,545,573,1749,755,206830.15050383445
2003-07-22 00:00:00,0.633071,0.7924359999999999,501,511,1615,679,202575.2366776924
2003-07-29 00:00:00,0.569894,0.683588,470,404,1331,658,194506.73386189868
2003-08-05 00:00:00,0.591357,0.757452,435,491,1394,629,186327.60569077334
2003-08-12 00:00:00,0.589044,0.7885850000000001,449,443,1327,599,172925.0286085531
2003-08-19 00:00:00,0.6786399999999999,0.812171,451,380,1262,553,164680.65860387604
2003-08-26 00:00:00,0.637558,0.804463,375,349,1070,463,146027.29607719815
2003-09-02 00:00:00,0.8133090000000001,0.8777010000000001,391,308,1061,452,136159.32679827348
2003-09-09 00:00:00,0.834551,0.741453,355,309,987,443,147566.19874723654
2003-09-16 00:00:00,0.616174,0.661022,307,240,851,426,145041.17973093086
2003-09-23 00:00:00,0.513286,0.715109,277,284,887,423,140248.66530593886
2003-09-30 00:00:00,0.351881,0.562241,238,183,698,408,141390.35673529375
2003-10-07 00:00:00,0.542621,0.786808,233,205,710,381,109532.5561331387
2003-10-14 00:00:00,0.581036,0.860658,249,280,836,378,115448.04053329707
2003-10-21 00:00:00,0.495486,0.689944,259,200,659,370,114209.99163342448
2003-10-28 00:00:00,0.6120899999999999,0.779691,260,230,719,363,111243.66042895889
2003-11-04 00:00:00,0.5314909999999999,0.6281439999999999,213,235,733,345,135198.3216209294
2003-11-11 00:00:00,0.519987,0.902459,243,256,809,334,109363.1221139077
2003-11-18 00:00:00,0.574476,0.806443,256,256,770,335,114855.7401455918
2003-11-25 00:00:00,0.663175,0.8748879999999999,259,265,799,333,111203.18510346526
2003-12-02 00:00:00,0.614691,0.993213,279,358,960,326,116720.16689903244
2003-12-09 00:00:00,0.6568229999999999,0.876141,281,309,913,337,124179.05714869867
2003-12-16 00:00:00,0.723016,0.948092,342,413,1122,341,137300.49648763874
2003-12-23 00:00:00,0.6918569999999999,0.926943,322,416,1089,336,136537.27814664628
2003-12-30 00:00:00,0.782758,0.971643,333,382,1116,364,123408.29847106157
2004-01-06 00:00:00,0.982275,0.897159,877,1256,3171,1176,342302.9479644268
2004-01-13 00:00:00,1.01821,1.0224799999999998,1071,1373,3631,1187,342817.2076750987
2004-01-20 00:00:00,1.1768,1.06296,1240,1534,4019,1267,362286.19283825107
2004-01-27 00:00:00,1.30121,1.14696,1190,1671,4369,1293,363175.00581561646
2004-02-03 00:00:00,1.27746,1.20495,1327,1718,4551,1302,359250.36757934606
2004-02-10 00:00:00,1.4038700000000002,1.3051700000000002,1497,1874,4969,1344,362317.8689517855
2004-02-17 00:00:00,1.40301,1.28699,1531,1874,4983,1336,369064.1760040923
2004-02-24 00:00:00,1.73975,1.59468,1490,1678,4713,1341,289324.96324384434
2004-03-02 00:00:00,1.56894,1.39714,1538,2059,5407,1369,368872.1053594034
2004-03-09 00:00:00,1.65927,1.44996,1551,2052,5428,1346,358322.30356793315
2004-03-16 00:00:00,1.81341,1.61745,1670,2071,5755,1379,341327.00048619625
2004-03-23 00:00:00,2.37626,2.19112,1856,1807,5689,1288,255690.5409642608
2004-03-30 00:00:00,2.77052,2.56649,2252,1993,7279,1332,281359.81544830266
2004-04-06 00:00:00,2.40064,2.17645,2010,2450,8041,1383,356868.2249159579
2004-04-13 00:00:00,2.54155,2.20171,2188,2982,8323,1342,362533.99586302845
2004-04-20 00:00:00,2.85871,2.53012,2199,3682,9328,1348,355049.6121548295
2004-04-27 00:00:00,3.55011,3.06524,2747,5364,12422,1334,388431.2215561793
2004-05-04 00:00:00,4.58591,3.98061,3086,7650,16192,1303,390022.93265247677
2004-05-11 00:00:00,5.05809,4.595680000000001,3626,8854,19369,1324,403579.3299596176
2004-05-18 00:00:00,5.44151,4.75197,3834,8400,19931,1330,404119.72989614686
2004-05-25 00:00:00,4.4729,4.17962,3720,6759,16630,1280,382353.09131209727
2004-06-01 00:00:00,3.6752,3.45359,2997,5343,13234,1268,369045.27617345157
2004-06-08 00:00:00,3.3353,3.15852,2728,4494,11601,1227,354455.29736941686
2004-06-15 00:00:00,2.7622400000000003,2.6732,2416,3513,9502,1185,345848.6825492846
2004-06-22 00:00:00,2.46844,2.35161,2145,2771,7900,1148,327560.996286728
2004-06-29 00:00:00,2.00081,1.89243,1827,2133,6329,1103,327136.2882427986
2004-07-06 00:00:00,1.54319,1.5249,1422,1737,4816,1048,310718.1338459435
2004-07-13 00:00:00,1.50195,1.41134,1356,1603,4445,1000,311236.81853540346
2004-07-20 00:00:00,1.22918,1.25068,1096,1469,3825,978,303724.85056034
2004-07-27 00:00:00,1.21854,1.20702,1117,1411,3646,971,301085.50498936936
2004-08-03 00:00:00,1.15832,1.07895,903,1136,2990,923,279159.2374763896
2004-08-10 00:00:00,1.249,1.14521,979,1115,3012,878,267152.5854908711
2004-08-17 00:00:00,1.16888,1.06124,805,926,2531,825,246530.039858396
2004-08-24 00:00:00,1.0788799999999998,1.0568,687,695,2056,687,206821.7986141391
2004-08-31 00:00:00,1.23059,1.25193,693,678,2099,637,183569.21154171176
2004-09-07 00:00:00,1.14747,1.01419,548,594,1744,603,186819.36471902113
2004-09-14 00:00:00,1.00254,1.04197,573,507,1614,582,172271.2738346496
2004-09-21 00:00:00,0.957569,0.954027,580,507,1628,587,187897.54122668668
2004-09-28 00:00:00,0.8948370000000001,0.8482299999999999,497,452,1359,550,178569.1811382235
2004-10-05 00:00:00,0.798205,0.841872,426,390,1198,533,163649.00948987695
2004-10-12 00:00:00,0.757812,0.7308939999999999,389,361,1148,524,176336.84360226901
2004-10-19 00:00:00,0.8259629999999999,0.713432,333,364,1068,507,169404.19449691544
2004-10-26 00:00:00,0.744927,0.6706770000000001,328,327,990,492,167674.13207253523
2004-11-02 00:00:00,0.787049,0.689278,331,326,982,488,162574.17923049576
2004-11-09 00:00:00,0.684724,0.704929,319,350,1023,479,165983.05015134363
2004-11-16 00:00:00,0.7473609999999999,0.615903,330,326,928,480,171129.60160597495
2004-11-23 00:00:00,0.673974,0.609426,292,311,922,428,172351.0721004688
2004-11-30 00:00:00,0.869662,0.6802590000000001,342,367,1033,420,172985.5868331934
2004-12-07 00:00:00,0.8995290000000001,0.7754880000000001,338,396,1061,416,158937.92531678313
2004-12-14 00:00:00,0.854635,0.6834210000000001,302,383,1026,408,170373.50333816925
2004-12-21 00:00:00,1.01123,0.781075,368,516,1219,419,176368.3237954625
2004-12-28 00:00:00,0.977808,0.8069430000000001,381,484,1204,447,169552.71292591593
2005-01-04 00:00:00,1.1777799999999998,1.07635,1172,1256,3586,1113,322416.7360728586
2005-01-11 00:00:00,1.21947,1.05869,1285,1247,3582,1160,325853.3532159523
2005-01-18 00:00:00,1.3069,1.11523,1393,1525,4122,1216,353391.60730041645
2005-01-25 00:00:00,1.33931,1.12381,1439,1599,4248,1237,359530.23261423013
2005-02-01 00:00:00,1.58374,1.25489,1639,1894,5005,1280,379467.2228927182
2005-02-08 00:00:00,1.47072,1.33661,1563,1929,5038,1272,357154.1573106071
2005-02-15 00:00:00,1.6112,1.37864,1679,1951,5276,1277,363167.4294814558
2005-02-22 00:00:00,1.82699,1.60829,1666,1593,4802,1301,293856.84377347626
2005-03-01 00:00:00,1.77482,1.48311,1858,2176,5966,1325,382953.48759683716
2005-03-08 00:00:00,1.94451,1.6537400000000002,1987,2463,6371,1328,368400.83949151624
2005-03-15 00:00:00,2.35512,2.00679,2241,3063,7697,1318,368446.74777379446
2005-03-22 00:00:00,3.10878,2.56857,2696,3058,8577,1287,328553.0483146532
2005-03-29 00:00:00,3.2823800000000003,3.05278,2678,2561,8842,1273,289812.04557219887
2005-04-05 00:00:00,2.62914,2.42504,2422,2366,8339,1319,333275.8615259134
2005-04-12 00:00:00,2.2515,2.00195,2272,2921,7882,1339,377589.7601722963
2005-04-19 00:00:00,2.35858,2.0586900000000004,2249,3150,7858,1297,367867.74410356174
2005-04-26 00:00:00,2.41881,2.21277,2643,3646,9114,1331,393589.507970689
2005-05-03 00:00:00,2.52752,2.3222,2612,4153,9551,1320,393125.6858710975
2005-05-10 00:00:00,2.64954,2.4927900000000003,2754,4593,10427,1311,398342.6665771105
2005-05-17 00:00:00,3.12935,2.79489,2624,4979,11226,1288,384632.8298386355
2005-05-24 00:00:00,3.12442,2.96911,2753,5284,11901,1288,383386.43019334
2005-05-31 00:00:00,3.13099,2.8395900000000003,2579,5008,11343,1275,382966.9705268812
2005-06-07 00:00:00,3.08261,2.77799,2564,5106,11261,1257,390019.0681675528
2005-06-14 00:00:00,2.64431,2.47287,2330,4154,9322,1241,365001.3021304504
2005-06-21 00:00:00,2.42295,2.18061,1895,3709,8064,1217,359924.6303985066
2005-06-28 00:00:00,2.31141,2.0168,1697,3393,7313,1165,353566.62994793686
2005-07-05 00:00:00,1.86383,1.64101,1437,2660,5738,1133,343349.57813400065
2005-07-12 00:00:00,1.44943,1.35829,1181,2014,4547,1087,329491.1089197967
2005-07-19 00:00:00,1.30227,1.1428,959,1479,3550,1045,307419.43605231197
2005-07-26 00:00:00,1.13459,1.04031,836,1382,3177,1017,303417.33150267747
2005-08-02 00:00:00,1.06255,0.964347,745,1208,2780,958,289952.42158082005
2005-08-09 00:00:00,1.03428,0.937982,745,1039,2592,919,279762.26760578546
2005-08-16 00:00:00,1.01791,0.947449,715,969,2428,877,263154.87870525464
2005-08-23 00:00:00,0.918151,0.891918,699,764,2061,783,242720.38557558553
2005-08-30 00:00:00,0.93099,0.864643,572,561,1645,649,206758.7885786199
2005-09-06 00:00:00,0.857294,0.97032,754,626,2075,635,229350.07662577915
2005-09-13 00:00:00,0.7862939999999999,0.84439,514,447,1430,615,187920.68301620882
2005-09-20 00:00:00,0.719426,0.77487,463,409,1300,610,186153.7756256318
2005-09-27 00:00:00,0.7188680000000001,0.8213719999999999,466,390,1271,572,174364.02812558255
2005-10-04 00:00:00,0.774807,0.8727450000000001,437,402,1215,565,162366.172079882
2005-10-11 00:00:00,0.76598,0.922635,549,511,1617,577,195455.5104466554
2005-10-18 00:00:00,0.642809,0.899487,541,440,1553,564,193346.42496312648
2005-10-25 00:00:00,0.622033,0.843082,502,403,1455,564,193637.12635038001
2005-11-01 00:00:00,0.616326,0.8818239999999999,508,430,1428,551,183772.54853295177
2005-11-08 00:00:00,0.6856939999999999,0.817145,473,435,1373,547,189995.2710532205
2005-11-15 00:00:00,0.6226970000000001,0.8715,510,466,1457,536,188705.09614443933
2005-11-22 00:00:00,0.611817,0.738621,404,379,1138,503,176216.2430219276
2005-11-29 00:00:00,0.638831,0.797966,398,457,1224,488,175565.36177299824
2005-12-06 00:00:00,0.8066270000000001,1.01394,492,506,1463,491,168535.6678863828
2005-12-13 00:00:00,0.7624479999999999,0.880936,446,521,1406,487,181172.90149339332
2005-12-20 00:00:00,0.8134060000000001,0.943366,511,534,1487,455,179163.98677987815
2005-12-27 00:00:00,0.807934,0.891546,476,512,1433,469,180391.4084551097
2006-01-03 00:00:00,1.15384,1.2032200000000002,1434,1699,4513,1323,365521.2419608757
2006-01-10 00:00:00,1.14819,1.05788,1278,1602,4072,1361,371891.7096215473
2006-01-17 00:00:00,1.22736,1.13054,1543,1830,4737,1425,403238.25105399074
2006-01-24 00:00:00,1.21744,1.12552,1582,1996,4888,1445,415408.95421537186
2006-01-31 00:00:00,1.32813,1.2080799999999998,1672,2270,5380,1473,425415.1290392842
2006-02-07 00:00:00,1.47754,1.34952,2112,2393,6139,1497,434211.6029260588
2006-02-14 00:00:00,1.5339,1.4689,2355,2681,6668,1474,434118.1515913768
2006-02-21 00:00:00,1.91269,1.82767,2188,2202,6156,1488,331370.73480755213
2006-02-28 00:00:00,1.838,1.6656,2573,2792,7530,1486,431397.35149228555
2006-03-07 00:00:00,1.95376,1.85968,2643,3244,8122,1493,419718.24597230967
2006-03-14 00:00:00,2.40407,2.38891,3270,4470,10396,1492,421204.94723703153
2006-03-21 00:00:00,2.87453,2.78978,3387,4065,10192,1435,358244.805681219
2006-03-28 00:00:00,3.02597,3.1154900000000003,3243,2868,8913,1359,290097.1083069073
2006-04-04 00:00:00,2.37817,2.26942,2927,2481,8386,1490,362480.68730943144
2006-04-11 00:00:00,2.09232,1.86355,2507,2756,7761,1467,400705.9388746045
2006-04-18 00:00:00,2.29396,1.99986,2548,3248,7909,1470,382088.4005456472
2006-04-25 00:00:00,2.74501,2.4406,3410,4684,10888,1495,428559.44104523864
2006-05-02 00:00:00,3.04434,2.83018,3456,5648,12120,1472,409745.8645129373
2006-05-09 00:00:00,3.49999,3.12343,3840,6995,14197,1484,433989.02576703375
2006-05-16 00:00:00,3.57851,3.27019,3879,6668,14031,1461,410725.997790203
2006-05-23 00:00:00,3.28979,3.17757,3728,6537,14048,1460,423805.9396833508
2006-05-30 00:00:00,2.89149,2.72364,3016,5429,11801,1428,414716.0057213968
2006-06-06 00:00:00,2.62075,2.50201,2798,4937,10715,1408,411395.29276730225
2006-06-13 00:00:00,2.5338700000000003,2.4272,2668,4031,9597,1361,381489.6041895407
2006-06-20 00:00:00,2.07251,1.96041,2049,3307,7562,1333,374866.28695805796
2006-06-27 00:00:00,1.87084,1.5914,1664,2508,6148,1303,376269.3662122298
2006-07-04 00:00:00,1.40042,1.36978,1445,1803,4958,1284,354670.80947841227
2006-07-11 00:00:00,1.46887,1.36317,1429,1821,4869,1240,350889.4900050819
2006-07-18 00:00:00,1.15514,1.1737,1257,1523,4179,1206,352048.9904069799
2006-07-25 00:00:00,1.07901,1.06358,1152,1386,3695,1152,344724.758871564
2006-08-01 00:00:00,0.98492,0.969711,969,1143,3077,1119,318175.8425588209
2006-08-08 00:00:00,1.03325,0.965362,917,1055,2860,1057,297956.5651876514
2006-08-15 00:00:00,0.926649,0.856749,815,861,2442,1025,291070.37413532153
2006-08-22 00:00:00,0.9201,0.863346,761,785,2243,925,270172.57709651015
2006-08-29 00:00:00,0.954094,0.93537,722,652,2058,831,235223.60657836674
2006-09-05 00:00:00,0.763278,0.7455689999999999,628,510,1679,796,241501.9364604809
2006-09-12 00:00:00,0.81722,0.740428,598,469,1614,771,236078.70671951454
2006-09-19 00:00:00,0.764586,0.6728970000000001,521,441,1456,749,235141.57555490645
2006-09-26 00:00:00,0.793127,0.6662819999999999,514,408,1455,742,238356.02313451096
2006-10-03 00:00:00,0.66909,0.662747,394,360,1169,711,199220.7677886069
2006-10-10 00:00:00,0.62115,0.545619,366,372,1086,697,219565.95525936264
2006-10-17 00:00:00,0.6036590000000001,0.5862310000000001,446,345,1211,698,227620.95643255668
2006-10-24 00:00:00,0.649058,0.660687,477,392,1356,691,227015.5359767556
2006-10-31 00:00:00,0.568338,0.534093,321,311,1037,677,216434.6616830725
2006-11-07 00:00:00,0.651546,0.585549,389,385,1172,667,223096.11230681746
2006-11-14 00:00:00,0.652176,0.618075,439,411,1283,666,230086.51781765404
2006-11-21 00:00:00,0.8038489999999999,0.687465,495,457,1448,671,233916.85439106656
2006-11-28 00:00:00,0.787458,0.715696,502,500,1526,652,236748.45294045805
2006-12-05 00:00:00,0.943263,0.829313,519,545,1554,641,213153.39493124158
2006-12-12 00:00:00,0.946932,0.800912,496,682,1694,638,233732.8850499767
2006-12-19 00:00:00,0.987146,0.918484,609,681,1913,632,230322.58227834187
2006-12-26 00:00:00,1.05206,0.8142590000000001,729,788,2228,703,292779.2999649782
2007-01-02 00:00:00,0.995184,1.07197,2187,1997,5641,1373,519485.112933564
2007-01-09 00:00:00,1.22003,1.21786,2387,2433,6444,1429,514614.1731501773
2007-01-16 00:00:00,1.28548,1.24576,2583,2551,6941,1449,541313.0728950425
2007-01-23 00:00:00,1.3775,1.35984,2871,2788,7434,1477,527165.3551944413
2007-01-30 00:00:00,1.46725,1.44671,3074,2998,7915,1485,527016.2932147679
2007-02-06 00:00:00,1.55841,1.53286,3398,3303,8687,1539,545204.1650636747
2007-02-13 00:00:00,1.61958,1.6665299999999998,3563,3290,9104,1516,526419.9841288447
2007-02-20 00:00:00,1.8112,1.97488,3651,2631,8570,1523,424556.15359255247
2007-02-27 00:00:00,1.61865,1.67305,3679,3158,9171,1513,532107.5048796285
2007-03-06 00:00:00,1.62124,1.63405,3365,2907,8436,1487,499378.1778787573
2007-03-13 00:00:00,1.6735099999999998,1.74595,3298,2694,8091,1453,450428.327276424
2007-03-20 00:00:00,1.95096,1.93643,3580,2724,8750,1420,443035.9603914268
2007-03-27 00:00:00,2.5001900000000004,2.48905,3848,2348,8902,1426,366016.033230591
2007-04-03 00:00:00,2.43939,2.25405,3737,2568,9706,1486,428225.1786117521
2007-04-10 00:00:00,2.29319,2.09147,3393,3644,11115,1509,517068.2285856695
2007-04-17 00:00:00,2.62907,2.35934,3664,4900,12197,1511,504676.51726840046
2007-04-24 00:00:00,3.92966,3.32331,4289,7661,17171,1508,500724.24944352993
2007-05-01 00:00:00,4.99202,4.43381,5222,11974,24812,1514,541513.8112105662
2007-05-08 00:00:00,5.7776,5.34547,6059,15323,31896,1526,577035.4504848325
2007-05-15 00:00:00,5.98318,5.42258,6244,14336,31625,1518,564928.2883356293
2007-05-22 00:00:00,5.61677,5.303030000000001,5922,12783,30245,1497,552672.1480509498
2007-05-29 00:00:00,4.5323400000000005,4.24456,4978,9958,25027,1453,569931.3764024393
2007-06-05 00:00:00,3.83249,3.628,4420,7849,20254,1445,541442.9631280606
2007-06-12 00:00:00,3.21522,3.03463,3878,6112,16714,1412,536013.0313351268
2007-06-19 00:00:00,2.69245,2.53595,3153,4493,13040,1395,503296.7827003279
2007-06-26 00:00:00,2.03366,2.0573,2689,3395,10376,1379,494023.34424725996
2007-07-03 00:00:00,1.65275,1.7415,2372,2697,8583,1327,485733.824963685
2007-07-10 00:00:00,1.3113,1.40652,2045,2354,7045,1318,494437.51210461935
2007-07-17 00:00:00,1.1652,1.26861,1857,2013,6079,1288,475044.68786780944
2007-07-24 00:00:00,1.02035,1.07719,1572,1713,4953,1208,456450.2308006566
2007-07-31 00:00:00,0.877607,0.993445,1466,1416,4224,1147,423640.9168766128
2007-08-07 00:00:00,0.8251069999999999,0.911212,1356,1381,4011,1098,439734.9626246202
2007-08-14 00:00:00,0.787315,0.972109,1439,1274,3904,1074,406402.6799767637
2007-08-21 00:00:00,0.805439,0.993258,1393,1116,3646,945,375180.8057848316
2007-08-28 00:00:00,0.8860610000000001,1.09132,1473,1083,3803,869,360917.7613992013
2007-09-04 00:00:00,0.743743,0.888446,1159,906,2933,789,347374.0055141018
2007-09-11 00:00:00,0.706842,0.887691,1113,886,2906,764,343454.85719843325
2007-09-18 00:00:00,0.655943,0.883187,1115,855,2842,755,339021.66765991884
2007-09-25 00:00:00,0.633492,0.8267559999999999,937,810,2534,730,324670.27080128115
2007-10-02 00:00:00,0.571837,0.783201,913,762,2405,713,328559.7154469021
2007-10-09 00:00:00,0.5582779999999999,0.78061,881,749,2431,710,332225.4290339737
2007-10-16 00:00:00,0.597893,0.769073,826,703,2319,696,321931.234557506
2007-10-23 00:00:00,0.577222,0.721298,779,704,2166,694,322111.5458611358
2007-10-30 00:00:00,0.5969869999999999,0.7525270000000001,788,763,2289,676,326004.24664227484
2007-11-06 00:00:00,0.564653,0.752721,679,706,2220,668,318227.33244317165
2007-11-13 00:00:00,0.5856819999999999,0.792766,789,745,2368,657,321321.8746799073
2007-11-20 00:00:00,0.503985,0.743896,730,754,2237,657,323776.6453180555
2007-11-27 00:00:00,0.468139,0.814166,794,892,2429,636,320895.3592164379
2007-12-04 00:00:00,0.576455,0.8384010000000001,774,880,2461,666,318199.06395228265
2007-12-11 00:00:00,0.681361,0.851124,859,994,2788,685,349661.59066996345
2007-12-18 00:00:00,0.794764,1.10976,1062,1527,3735,679,356527.6099064778
2007-12-25 00:00:00,0.868116,1.03114,983,1306,3400,716,345931.4592698639
2008-01-01 00:00:00,1.06828,1.02284,1535,2352,5687,1435,552972.6882477531
2008-01-08 00:00:00,1.00756,1.03017,1861,2291,5959,1500,563700.6010621754
2008-01-15 00:00:00,0.979399,1.01245,1869,2219,5896,1525,567373.5131603503
2008-01-22 00:00:00,1.04943,1.08359,1976,2474,6485,1527,579622.8676485484
2008-01-29 00:00:00,1.13218,1.1657799999999998,2119,2547,6987,1545,580228.8838879531
2008-02-05 00:00:00,1.13156,1.1913,2276,2668,7297,1555,592604.3267991004
2008-02-12 00:00:00,1.15469,1.28075,2512,2854,7667,1555,580273.7922262833
2008-02-19 00:00:00,1.20448,1.27053,2600,2828,7733,1563,595816.848104406
2008-02-26 00:00:00,1.36081,1.59578,3024,2412,7634,1523,468261.4371596373
2008-03-04 00:00:00,1.30322,1.4585,3114,2913,8708,1551,580830.5593331205
2008-03-11 00:00:00,1.30204,1.49921,3252,3024,8689,1543,567748.2653269646
2008-03-18 00:00:00,1.45109,1.62982,3137,2579,7812,1416,470099.8894461868
2008-03-25 00:00:00,1.79927,2.15561,3897,2367,8706,1484,415528.481856999
2008-04-01 00:00:00,2.12134,2.02053,3814,2042,8603,1490,428412.29016600794
2008-04-08 00:00:00,1.47138,1.54566,3245,2548,8956,1539,566477.6187737203
2008-04-15 00:00:00,1.61555,1.64224,3142,3345,9289,1512,554384.132132791
2008-04-22 00:00:00,1.95333,1.96524,3602,4597,11456,1566,568048.1252877677
2008-04-29 00:00:00,2.4290700000000003,2.34368,4039,6602,14324,1554,592644.0194428462
2008-05-06 00:00:00,2.96686,2.86057,4606,8882,18268,1580,619901.6216329355
2008-05-13 00:00:00,3.57354,3.3421,5064,11215,21667,1569,629931.5250184359
2008-05-20 00:00:00,3.3665300000000005,3.20566,4848,9851,20022,1543,607674.6706768139
2008-05-27 00:00:00,3.2962,3.10049,4694,10092,20450,1544,638733.8396099769
2008-06-03 00:00:00,3.17227,2.95819,4420,9116,18441,1534,606385.0804605954
2008-06-10 00:00:00,2.5804,2.46381,4046,7446,15711,1524,622274.9724363991
2008-06-17 00:00:00,2.42922,2.19272,3657,6036,13277,1494,594367.4355819201
2008-06-24 00:00:00,1.99028,1.87395,3237,5052,11400,1470,597671.7315103364
2008-07-01 00:00:00,1.72423,1.64817,2829,4283,9669,1440,579122.3253344882
2008-07-08 00:00:00,1.60355,1.49878,2577,3407,8460,1422,556982.8575729781
2008-07-15 00:00:00,1.28418,1.29233,2371,2761,7222,1415,554196.734840949
2008-07-22 00:00:00,1.2932,1.27164,2353,2855,7348,1445,573778.7965571771
2008-07-29 00:00:00,2.74012,2.98159,4821,8043,18627,1405,621147.5893862449
2008-08-05 00:00:00,2.22391,2.43702,3920,6221,14578,1422,595890.9985699435
2008-08-12 00:00:00,1.76657,2.2813,3236,5888,12554,1372,553372.9691418175
2008-08-19 00:00:00,1.92171,3.81572,4188,12026,20774,1331,550357.4329135644
2008-08-26 00:00:00,1.8611,4.21315,4496,12461,22394,1314,541502.8786388943
2008-09-02 00:00:00,1.68423,3.1783200000000003,3865,8615,17105,1305,556164.8369298704
2008-09-09 00:00:00,1.7393,2.50972,3072,5660,12392,1296,507905.76217827684
2008-09-16 00:00:00,1.83001,2.06632,2623,4740,10780,1280,537985.5182317179
2008-09-23 00:00:00,1.58128,1.71805,2299,3700,8801,1279,529381.8384868235
2008-09-30 00:00:00,1.4917200000000002,1.55965,2145,2893,7422,1237,496168.0325330672
2008-10-07 00:00:00,1.389,1.30856,1701,2481,6290,1246,502510.2318192853
2008-10-14 00:00:00,1.34702,1.18695,1581,2437,5964,1248,522374.1005622334
2008-10-21 00:00:00,1.16056,1.13796,1608,2285,5735,1248,525688.9795195077
2008-10-28 00:00:00,1.2085,1.15005,1519,2199,5587,1254,507247.57628791226
2008-11-04 00:00:00,1.15544,1.1126200000000002,1651,2082,5526,1230,520236.22668066225
2008-11-11 00:00:00,1.14518,1.16142,1645,2321,5877,1234,528406.1268797629
2008-11-18 00:00:00,1.4664,1.64107,2167,4210,8941,1286,566941.7089531581
2008-11-25 00:00:00,2.38017,2.47166,2883,8253,14556,1320,609656.5085479752
2008-12-02 00:00:00,3.44681,3.71969,3713,13114,21350,1358,596313.7200888679
2008-12-09 00:00:00,4.05315,3.94975,4087,13407,22561,1367,592972.4677896416
2008-12-16 00:00:00,4.26621,4.08756,4445,15326,26091,1380,655381.5575092058
2008-12-23 00:00:00,4.21579,4.01897,4462,14152,24454,1313,622505.6780122424
2008-12-30 00:00:00,4.8861,4.603619999999999,4974,16291,27919,1331,607447.465027629
2009-01-06 00:00:00,6.06923,5.66087,9302,27406,48420,2056,840937.8540885387
2009-01-13 00:00:00,7.09467,6.81522,11527,32585,58196,2134,839610.9857795382
2009-01-20 00:00:00,7.7151,7.618889999999999,13187,39364,69068,2162,888571.4740491305
2009-01-27 00:00:00,7.55134,7.38836,13174,36860,66411,2167,880822.8479217046
2009-02-03 00:00:00,6.6711800000000006,6.33927,12161,30860,57017,2197,881429.1589687434
2009-02-10 00:00:00,5.20633,4.94349,10151,21112,42729,2191,847120.9222660179
2009-02-17 00:00:00,4.04477,3.80996,8979,14652,32520,2157,837442.08183282
2009-02-24 00:00:00,3.49722,3.44106,7716,8237,22508,2146,650976.6130758611
2009-03-03 00:00:00,2.69023,2.66773,7195,7988,21730,2122,798703.2246123791
2009-03-10 00:00:00,2.47119,2.47183,6490,7218,19325,2093,770438.9825711192
2009-03-17 00:00:00,2.44773,2.345,6275,5785,17081,2014,719087.979153373
2009-03-24 00:00:00,2.64594,2.71435,6078,4127,14575,1934,549323.1480079308
2009-03-31 00:00:00,2.61567,2.67667,6598,3726,15613,1937,590779.3297030787
2009-04-07 00:00:00,1.90712,1.98284,4998,3961,14299,1996,710606.7422603259
2009-04-14 00:00:00,1.86738,1.82749,4877,4614,14088,2016,760854.3160775651
2009-04-21 00:00:00,1.88072,1.92606,5399,5079,14757,2053,752107.9060123381
2009-04-28 00:00:00,1.96908,1.92495,5333,5655,15122,2026,767103.8032562304
2009-05-05 00:00:00,2.11387,2.08877,5816,6142,16037,1996,750586.3947064307
2009-05-12 00:00:00,2.09695,2.0343400000000003,5496,5577,15381,1977,737892.8725152012
2009-05-19 00:00:00,1.90294,1.97649,5388,5536,15065,1954,745754.4372003769
2009-05-26 00:00:00,1.96951,1.99362,5040,6207,16087,1990,786619.7546498177
2009-06-02 00:00:00,1.92331,1.85383,4281,5685,14486,1953,764480.9867004066
2009-06-09 00:00:00,1.89659,1.8673,4612,5270,14354,1946,754110.9366281118
2009-06-16 00:00:00,1.75181,1.69987,4063,4466,12601,1933,730083.0032744443
2009-06-23 00:00:00,1.52632,1.49741,3625,4108,11191,1917,736500.6396265337
2009-06-30 00:00:00,1.4957200000000002,1.45112,3408,3733,10359,1875,705389.1083680802
2009-07-07 00:00:00,1.2231299999999998,1.20715,3090,2933,8813,1850,722271.4185531216
2009-07-14 00:00:00,1.17754,1.17415,3117,3110,8801,1831,744924.721957841
2009-07-21 00:00:00,1.09112,1.1620700000000002,2921,3044,8362,1765,715213.6467114934
2009-07-28 00:00:00,1.11958,1.17213,3081,2972,8440,1755,714472.9802845576
2009-08-04 00:00:00,1.08169,1.12168,2781,2901,7914,1710,703222.7881636309
2009-08-11 00:00:00,1.12497,1.14981,2851,2645,7697,1664,671281.2497354491
2009-08-18 00:00:00,1.06197,1.1332799999999998,2816,2553,7603,1624,675486.0036690024
2009-08-25 00:00:00,1.08909,1.08171,2636,2188,6853,1497,642083.103542066
2009-09-01 00:00:00,1.1776,1.19959,2413,2172,6595,1421,568157.7611975784
2009-09-08 00:00:00,0.97493,0.952808,2147,1831,5755,1435,617142.6251788313
2009-09-15 00:00:00,0.987132,0.916032,1975,1784,5316,1405,595952.3866049337
2009-09-22 00:00:00,0.995991,0.926582,2027,1779,5334,1384,591856.5306101433
2009-09-29 00:00:00,0.904726,0.8696200000000001,1754,1541,4718,1347,562625.9020108721
2009-10-06 00:00:00,0.941927,0.903133,1753,1566,4691,1353,542674.5984394916
2009-10-13 00:00:00,0.880415,0.773776,1458,1450,4234,1284,566097.2702104151
2009-10-20 00:00:00,0.842615,0.7427739999999999,1323,1335,3950,1265,552797.4380193903
2009-10-27 00:00:00,0.858382,0.730934,1290,1279,3850,1250,547399.7580018414
2009-11-03 00:00:00,0.83383,0.786882,1381,1357,4077,1241,541256.1286171816
2009-11-10 00:00:00,0.8474370000000001,0.763051,1378,1307,4008,1212,546670.3211887715
2009-11-17 00:00:00,0.888273,0.841043,1485,1592,4518,1225,557955.5607115898
2009-11-24 00:00:00,0.765372,0.791573,1520,1592,4420,1235,576741.6124553528
2009-12-01 00:00:00,0.91858,0.912732,1564,1866,5007,1170,567856.8931361345
2009-12-08 00:00:00,1.01432,1.03398,1850,1959,5493,1198,552504.3071678793
2009-12-15 00:00:00,1.01233,0.934009,1720,2118,5510,1210,603947.8144540089
2009-12-22 00:00:00,1.11803,1.08189,2134,2510,6741,1206,634870.8813568911
2009-12-29 00:00:00,1.11806,1.06563,1995,2383,6387,1254,605310.9973404194
2010-01-05 00:00:00,1.10939,1.13505,2627,3142,8473,1838,732369.7022725635
2010-01-12 00:00:00,1.24341,1.25256,2953,3522,9347,1875,731824.043140436
2010-01-19 00:00:00,1.25726,1.2457,3044,3641,9684,1907,759921.085962761
2010-01-26 00:00:00,1.25734,1.26774,3226,3822,9904,1929,763804.3679731295
2010-02-02 00:00:00,1.43414,1.43723,3451,4397,11020,1947,750196.7753233803
2010-02-09 00:00:00,1.5183799999999998,1.53341,3927,4679,11807,1940,753226.6597239348
2010-02-16 00:00:00,1.61617,1.69445,4416,5322,13336,1921,768782.8617710888
2010-02-23 00:00:00,1.84378,1.9915,4598,4145,12079,1938,609674.5057134151
2010-03-02 00:00:00,1.72535,1.81305,5045,4978,13997,1964,755909.9488561025
2010-03-09 00:00:00,1.87923,2.01426,5060,5867,14958,1936,730339.4247283309
2010-03-16 00:00:00,2.3371,2.5565900000000004,6300,7194,18022,1916,695235.5414759064
2010-03-23 00:00:00,3.03533,3.38185,7295,7071,19899,1840,597486.4309511832
2010-03-30 00:00:00,3.136,3.43172,7478,5764,20346,1887,603758.7170894769
2010-04-06 00:00:00,2.53336,2.69151,6584,6342,20026,1923,736556.369062729
2010-04-13 00:00:00,2.91288,2.91063,6238,7773,20721,1921,702073.7576578241
2010-04-20 00:00:00,3.44497,3.49232,7247,11243,26257,1964,735724.5712671732
2010-04-27 00:00:00,4.16185,4.0037,8007,15291,31975,1947,780386.3779181881
2010-05-04 00:00:00,4.55159,4.43534,8195,16366,34284,1970,756359.3202279021
2010-05-11 00:00:00,4.46504,4.24215,8036,16516,34456,1961,794873.6264420883
2010-05-18 00:00:00,4.55124,4.39719,8172,17493,36567,1910,815296.4553151003
2010-05-25 00:00:00,4.0822,3.90256,7839,13718,31277,1908,783188.7610636391
2010-06-01 00:00:00,3.38812,3.15073,6376,10496,24627,1860,764776.7526046638
2010-06-08 00:00:00,2.99142,2.72422,5691,8427,20377,1829,734951.179786812
2010-06-15 00:00:00,2.61542,2.33336,5363,6702,17309,1823,730985.170445739
2010-06-22 00:00:00,2.09065,1.925,4400,5489,14031,1790,718054.8483861332
2010-06-29 00:00:00,1.86146,1.75243,4189,5025,12957,1770,730239.3589649939
2010-07-06 00:00:00,1.61377,1.57704,3701,4557,11498,1723,721540.5396303575
2010-07-13 00:00:00,1.42199,1.35766,3164,3562,9391,1681,686340.3538859426
2010-07-20 00:00:00,1.3382,1.31223,3139,3064,8695,1651,657688.1504852761
2010-07-27 00:00:00,1.19995,1.14937,2895,2673,7830,1612,675183.4758487662
2010-08-03 00:00:00,1.14889,1.11451,2532,2553,7307,1585,654693.625981878
2010-08-10 00:00:00,1.12194,1.10984,2551,2595,7236,1556,653901.7201431592
2010-08-17 00:00:00,1.06712,1.0524,2353,2280,6530,1516,625227.5380850399
2010-08-24 00:00:00,1.0505799999999998,1.03536,2213,2110,6072,1381,595443.8413317788
2010-08-31 00:00:00,1.15203,1.1177700000000002,2249,1980,5946,1357,550864.4389708751
2010-09-07 00:00:00,0.970975,0.982949,2040,1760,5547,1296,577867.3648837593
2010-09-14 00:00:00,0.894683,0.925194,1812,1599,4989,1279,555509.1059599449
2010-09-21 00:00:00,0.843568,0.8355309999999999,1604,1422,4448,1251,548826.2008207061
2010-09-28 00:00:00,0.815409,0.832393,1472,1462,4218,1225,527537.2759848001
2010-10-05 00:00:00,0.823052,0.855591,1423,1269,4009,1211,494156.90590477106
2010-10-12 00:00:00,0.674635,0.7069489999999999,1255,1206,3721,1220,545224.2003413253
2010-10-19 00:00:00,0.631883,0.694387,1243,1184,3597,1203,538923.8263753599
2010-10-26 00:00:00,0.641513,0.687976,1251,1188,3538,1179,535074.3585074549
2010-11-02 00:00:00,0.529813,0.6447430000000001,1088,1125,3202,1175,519713.9421427614
2010-11-09 00:00:00,0.644089,0.67533,1207,1223,3523,1175,542703.6900583889
2010-11-16 00:00:00,0.667718,0.72823,1342,1358,3874,1191,551647.2936747354
2010-11-23 00:00:00,0.7056680000000001,0.8065260000000001,1505,1600,4444,1195,566673.1807306206
2010-11-30 00:00:00,0.8041550000000001,0.860408,1528,1781,4717,1200,564677.9287866486
2010-12-07 00:00:00,0.907804,0.936075,1622,1809,4813,1184,535026.3644665605
2010-12-14 00:00:00,1.00555,0.966683,1788,2206,5567,1196,587927.3332446492
2010-12-21 00:00:00,1.03601,0.996007,1816,2264,5822,1201,593832.1603243864
2010-12-28 00:00:00,1.0758299999999998,1.10846,2248,2514,6708,1213,613354.7878585318
2011-01-04 00:00:00,1.1609200000000002,1.20345,3106,3485,9365,1850,763552.9689814525
2011-01-11 00:00:00,1.19785,1.23777,3317,3667,9803,1883,777387.0363143292
2011-01-18 00:00:00,1.27926,1.25259,3324,3837,9958,1905,776850.4933949407
2011-01-25 00:00:00,1.29194,1.30546,3453,4035,10298,1900,770766.7426060495
2011-02-01 00:00:00,1.42824,1.45295,3634,4658,11396,1925,766262.9692704005
2011-02-08 00:00:00,1.39803,1.44089,3949,4348,11496,1946,780462.1933024259
2011-02-15 00:00:00,1.45831,1.46221,3923,4361,11721,1900,783435.746942095
2011-02-22 00:00:00,1.56548,1.65573,4125,3340,10377,1918,633121.2055736994
2011-03-01 00:00:00,1.34313,1.46606,4237,3955,11479,1904,771490.9538986983
2011-03-08 00:00:00,1.48139,1.51811,3995,4040,11187,1898,722064.1683268256
2011-03-15 00:00:00,1.63398,1.66429,4579,4097,12137,1872,718327.366687789
2011-03-22 00:00:00,1.83126,1.85274,5016,3535,11958,1851,646674.5565663372
2011-03-29 00:00:00,2.10451,2.12413,5243,3184,12356,1821,593178.5711685651
2011-04-05 00:00:00,1.73625,1.76709,4514,3393,11992,1891,674191.3622580983
2011-04-12 00:00:00,1.55066,1.5434,4059,3636,11543,1883,736832.1513097734
2011-04-19 00:00:00,1.62891,1.64762,4364,4030,11939,1887,706020.4416823582
2011-04-26 00:00:00,1.7603799999999998,1.6843,4766,4802,13209,1891,767071.7978968879
2011-05-03 00:00:00,1.92728,1.86354,5218,5336,14448,1885,758454.5015624529
2011-05-10 00:00:00,1.91994,1.86408,5028,5555,14624,1875,767626.797102725
2011-05-17 00:00:00,2.09951,2.01839,5277,5994,15929,1884,773090.3657747572
2011-05-24 00:00:00,2.23973,2.10385,5246,5990,16137,1853,750848.6693731348
2011-05-31 00:00:00,2.21921,2.09555,5219,6239,16518,1826,771734.9898867916
2011-06-07 00:00:00,2.16693,2.10398,4811,6493,15763,1816,737498.9004732996
2011-06-14 00:00:00,2.38913,2.2941,5175,6768,17150,1819,737306.092982487
2011-06-21 00:00:00,1.96466,1.92223,4422,5683,14524,1780,745036.4583953564
2011-06-28 00:00:00,1.84229,1.74239,3807,5256,13017,1753,737401.0887010709
2011-07-05 00:00:00,1.68674,1.6760099999999998,3582,4631,11930,1729,704619.7239764383
2011-07-12 00:00:00,1.53136,1.49637,3253,4059,10732,1707,710589.5479314474
2011-07-19 00:00:00,1.37912,1.38202,3001,4020,10123,1699,727535.7512582123
2011-07-26 00:00:00,1.29515,1.28926,2638,3802,9370,1675,721336.4676411044
2011-08-02 00:00:00,1.39521,1.3580299999999998,2509,3671,8999,1564,662688.9334943292
2011-08-09 00:00:00,1.32522,1.30833,2524,3468,8576,1546,657637.4770961568
2011-08-16 00:00:00,1.23059,1.26692,2465,3087,8062,1503,642102.1072953646
2011-08-23 00:00:00,1.2302799999999998,1.27731,2545,3011,7878,1415,626990.2349810848
2011-08-30 00:00:00,1.2687700000000002,1.2991,2480,2601,7153,1409,569593.5016242558
2011-09-06 00:00:00,1.10782,1.16297,2336,2352,6765,1365,596608.5757080389
2011-09-13 00:00:00,1.09559,1.08612,2231,2024,6133,1289,582233.6684766078
2011-09-20 00:00:00,1.11031,1.0568,2259,1974,6048,1295,590306.751194992
2011-09-27 00:00:00,1.10616,1.07871,2168,1850,5786,1260,557664.0052273977
2011-10-04 00:00:00,1.10816,1.04662,1911,1706,5291,1271,533335.9185700967
2011-10-11 00:00:00,0.999444,0.928152,1913,1751,5185,1240,578040.670220663
2011-10-18 00:00:00,0.924199,0.901936,1818,1640,4931,1223,568169.4605773144
2011-10-25 00:00:00,0.949257,0.915356,1752,1721,5103,1250,578718.6109145902
2011-11-01 00:00:00,0.978903,0.952548,1728,1706,5159,1240,564671.715640419
2011-11-08 00:00:00,0.925024,0.916661,1660,1718,5026,1248,569502.8940848258
2011-11-15 00:00:00,0.848456,0.901787,1721,1755,5051,1238,580601.0303607619
2011-11-22 00:00:00,1.04451,1.03315,2098,2128,6141,1238,609334.0423699729
2011-11-29 00:00:00,1.0986,1.05238,1958,2335,6318,1238,616078.8235317749
2011-12-06 00:00:00,1.22071,1.12713,1886,2294,6296,1242,579632.4250963095
2011-12-13 00:00:00,1.24976,1.1866,2176,2870,7382,1252,634915.1465601193
2011-12-20 00:00:00,1.22892,1.21415,2295,2972,7656,1268,640498.5354508458
2011-12-27 00:00:00,1.29393,1.25198,2421,2867,7807,1248,632211.3101486651
2012-01-03 00:00:00,1.23034,1.20559,2773,3691,9395,1932,763355.6365227567
2012-01-10 00:00:00,1.3278,1.31929,2960,4007,10158,1940,754773.1975678786
2012-01-17 00:00:00,1.33995,1.3273700000000002,3202,4233,10585,1968,778234.0827050698
2012-01-24 00:00:00,1.37842,1.36688,3346,4268,10913,1958,779064.6057491301
2012-01-31 00:00:00,1.50085,1.50535,3326,4422,11061,1929,715276.0673482456
2012-02-07 00:00:00,1.65163,1.61273,3733,5145,12674,1974,767317.4890030625
2012-02-14 00:00:00,1.7674599999999998,1.75208,4034,5526,13623,1966,759296.581352333
2012-02-21 00:00:00,2.30609,2.33365,4651,5387,14650,1968,629106.285531268
2012-02-28 00:00:00,2.16324,2.2268,5102,7018,18521,2006,827137.442539685
2012-03-06 00:00:00,2.83038,2.97657,6486,10857,24877,2006,817366.4041319132
2012-03-13 00:00:00,3.43761,3.62552,7446,12945,29432,1977,798684.0046469709
2012-03-20 00:00:00,4.305540000000001,4.5532,8546,13971,34332,1908,747418.8041021235
2012-03-27 00:00:00,6.06082,6.025980000000001,9709,11391,36588,1905,619017.5986056682
2012-04-03 00:00:00,4.64931,4.96368,8444,9108,34103,1982,686586.5491064067
2012-04-10 00:00:00,4.32584,4.69072,8297,13424,39896,1995,838890.5827210725
2012-04-17 00:00:00,4.5111300000000005,4.7047300000000005,8633,15992,39441,2008,818688.7927654332
2012-04-24 00:00:00,4.2171,4.1646,7441,13439,32426,1978,763739.0923446645
2012-05-01 00:00:00,3.78956,3.69533,6609,12653,29808,1963,790439.8867315048
2012-05-08 00:00:00,3.29206,3.2363,5757,10816,24987,1931,756624.5676731829
2012-05-15 00:00:00,3.0197,2.89421,5289,9395,22321,1926,756538.8542063658
2012-05-22 00:00:00,2.71499,2.71742,5099,8415,20519,1940,740995.6962286307
2012-05-29 00:00:00,2.4845,2.52297,4633,7981,19231,1893,746422.42607366
2012-06-05 00:00:00,2.57808,2.55227,4791,7709,18829,1884,727019.1394993046
2012-06-12 00:00:00,2.39237,2.43225,4480,7065,17392,1846,704949.4620516123
2012-06-19 00:00:00,2.06778,2.10851,3957,6095,15254,1825,712691.1755499488
2012-06-26 00:00:00,1.90281,1.94725,3830,5204,13714,1811,694080.567994885
2012-07-03 00:00:00,1.6590200000000002,1.74859,3516,4299,12273,1769,694865.3491317593
2012-07-10 00:00:00,1.43006,1.4971299999999998,3110,3929,10818,1742,714351.3613950758
2012-07-17 00:00:00,1.27757,1.32313,2707,3509,9188,1732,688303.1317478477
2012-07-24 00:00:00,1.19009,1.2264700000000002,2588,3364,8589,1711,694674.4378989346
2012-07-31 00:00:00,1.09556,1.19614,2439,3142,7986,1675,666471.0623998169
2012-08-07 00:00:00,1.08589,1.19049,2422,2877,7704,1630,648389.2753226507
2012-08-14 00:00:00,1.07343,1.17426,2431,2583,7317,1582,628331.4292781322
2012-08-21 00:00:00,1.0167700000000002,1.13342,2230,2219,6589,1489,591066.2530796072
2012-08-28 00:00:00,1.04847,1.14306,2109,2094,6190,1486,559709.1858464351
2012-09-04 00:00:00,0.920349,1.00881,1983,1779,5638,1421,574520.6122822951
2012-09-11 00:00:00,0.920779,1.02358,1969,1713,5539,1419,558412.587205121
2012-09-18 00:00:00,0.904333,1.00138,1877,1766,5474,1405,565299.9183454295
2012-09-25 00:00:00,0.83057,0.909498,1703,1581,4915,1389,561201.1959365276
2012-10-02 00:00:00,0.8628370000000001,0.950042,1594,1489,4506,1357,502792.6904034056
2012-10-09 00:00:00,0.732182,0.829299,1576,1491,4510,1362,563250.8514323646
2012-10-16 00:00:00,0.724558,0.802109,1432,1405,4186,1341,543181.1599157515
2012-10-23 00:00:00,0.740848,0.806333,1416,1464,4233,1325,546046.4632220992
2012-10-30 00:00:00,0.726037,0.796937,1216,1284,3886,1290,509912.65686335694
2012-11-06 00:00:00,0.7556390000000001,0.7791359999999999,1367,1338,4075,1299,543924.3323468762
2012-11-13 00:00:00,0.761847,0.797653,1364,1366,4168,1276,543580.6509603077
2012-11-20 00:00:00,0.779896,0.825485,1331,1561,4317,1265,537656.5115227941
2012-11-27 00:00:00,0.8991379999999999,0.935469,1499,1814,5053,1260,554787.6391868303
2012-12-04 00:00:00,0.999524,1.04345,1681,2035,5626,1317,559928.9985170058
2012-12-11 00:00:00,1.0558,1.09107,1926,2437,6374,1307,598958.9906330789
2012-12-18 00:00:00,1.0967,1.20108,2175,2683,7110,1290,601362.4532761049
2012-12-25 00:00:00,1.24709,1.26179,2393,2963,7963,1364,639413.8340487073
2013-01-01 00:00:00,1.15746,1.13249,2974,3769,9677,1960,848776.0424169131
2013-01-08 00:00:00,1.27184,1.21121,3276,3925,10420,1990,845507.6212006158
2013-01-15 00:00:00,1.31623,1.25682,3483,3880,10658,2018,829285.0518636928
2013-01-22 00:00:00,1.37444,1.37097,3930,4484,12036,2027,858424.2460846818
2013-01-29 00:00:00,1.46781,1.42956,4045,4642,12502,2028,854517.7386872412
2013-02-05 00:00:00,1.5834,1.53588,4434,5062,13498,2017,860010.1118230845
2013-02-12 00:00:00,1.60253,1.60267,4643,5000,13927,2054,851381.3243562881
2013-02-19 00:00:00,1.72344,1.7326700000000002,4835,5579,15168,2012,870313.3405683626
2013-02-26 00:00:00,2.11076,2.09858,4937,4313,13975,2042,668305.3278792211
2013-03-05 00:00:00,2.1708,2.21374,5549,6579,18920,2055,833483.8794482748
2013-03-12 00:00:00,2.36971,2.4167400000000003,5501,7046,19398,2054,786940.634948935
2013-03-19 00:00:00,3.15997,3.03071,6555,8406,24697,2009,802726.2280802113
2013-03-26 00:00:00,4.59053,4.38724,7814,7485,26988,2007,626480.2284751505
2013-04-02 00:00:00,4.28195,4.2112,7488,6726,28654,2033,683277.262227879
2013-04-09 00:00:00,3.5628800000000003,3.46492,6233,7881,28147,2059,800876.657594439
2013-04-16 00:00:00,3.36378,3.3169800000000005,6007,9517,28370,2049,835995.0181001065
2013-04-23 00:00:00,3.39659,3.2407,5878,8858,25502,2062,774316.582018265
2013-04-30 00:00:00,3.11922,2.88598,5133,8714,23484,2051,798402.7827137489
2013-05-07 00:00:00,2.83572,2.6217200000000003,4729,7711,21085,2051,790017.2765567078
2013-05-14 00:00:00,2.48484,2.3406700000000003,4210,6717,18195,2018,763868.9360411478
2013-05-21 00:00:00,2.2741,2.12059,4250,6121,17234,2025,799018.1930419934
2013-05-28 00:00:00,2.0724400000000003,1.91094,3953,5875,15914,1978,817366.2486942549
2013-06-04 00:00:00,1.98207,1.9023,3775,5575,15044,1944,779659.888742777
2013-06-11 00:00:00,1.82441,1.76619,3616,5022,14024,1904,783072.6304465794
2013-06-18 00:00:00,1.82036,1.85791,3798,5611,14926,1922,792323.3495432421
2013-06-25 00:00:00,1.75391,1.82094,3523,5812,14661,1887,794928.4846536866
2013-07-02 00:00:00,1.74542,1.83453,3582,5659,14637,1866,790656.3525855903
2013-07-09 00:00:00,1.6723599999999998,1.75446,3574,5587,14206,1845,800419.4374698839
2013-07-16 00:00:00,1.51659,1.51636,3130,4279,11723,1810,765422.5900972704
2013-07-23 00:00:00,1.4477799999999998,1.40334,2846,3770,10814,1771,764823.891394387
2013-07-30 00:00:00,1.29028,1.2593,2501,3591,9648,1746,762715.5470139929
2013-08-06 00:00:00,1.37388,1.32482,2789,3615,9775,1714,737474.8413318347
2013-08-13 00:00:00,1.34208,1.27576,2544,3256,9033,1660,711732.6367360161
2013-08-20 00:00:00,1.34563,1.29483,2733,3068,8797,1570,688041.5228053896
2013-08-27 00:00:00,1.21291,1.2261,2528,2459,7658,1554,641552.4662016144
2013-09-03 00:00:00,1.19291,1.1453799999999998,2383,2349,7229,1461,647559.3388363426
2013-09-10 00:00:00,1.14146,1.0678,2227,2181,6783,1461,651875.8413050324
2013-09-17 00:00:00,1.06503,1.07269,2159,2009,6369,1392,612452.3458682471
2013-09-24 00:00:00,1.12669,1.01298,2049,1917,6038,1411,616100.0683816588
2013-10-01 00:00:00,0.947353,0.994705,1865,1688,5352,1388,566277.1237796283
2013-10-08 00:00:00,0.944187,0.880862,1758,1623,5295,1394,621510.4854316348
2013-10-15 00:00:00,0.934822,0.858173,1582,1621,5083,1376,613302.240732049
2013-10-22 00:00:00,0.8173600000000001,0.8051520000000001,1455,1450,4765,1372,612982.3225458005
2013-10-29 00:00:00,0.852792,0.8187810000000001,1450,1655,4942,1378,625694.231913062
2013-11-05 00:00:00,0.7469939999999999,0.7837350000000001,1460,1528,4744,1382,626513.7268952961
2013-11-12 00:00:00,0.7610979999999999,0.8487030000000001,1528,1631,4980,1369,608526.6741359921
2013-11-19 00:00:00,0.7676270000000001,0.8341459999999999,1569,1813,5305,1371,651169.6161541491
2013-11-26 00:00:00,0.862176,0.905981,1684,2184,5799,1353,654646.949175819
2013-12-03 00:00:00,0.984907,1.04506,1753,2258,6050,1352,598895.0912939155
2013-12-10 00:00:00,1.16287,1.16816,2300,3316,8130,1401,713192.5735457208
2013-12-17 00:00:00,1.22731,1.27649,2535,3650,8888,1405,705898.6012847193
2013-12-24 00:00:00,1.2071,1.29758,2522,3447,8874,1407,692500.9126159975
2013-12-31 00:00:00,1.16191,1.20612,2958,3994,10150,1937,842881.5951817031
2014-01-07 00:00:00,1.30905,1.32485,3055,4437,10977,1960,814126.9962273773
2014-01-14 00:00:00,1.3707200000000002,1.41192,3442,4728,11941,2000,828102.6468596662
2014-01-21 00:00:00,1.43373,1.42547,3455,4955,12292,2008,842451.5024494455
2014-01-28 00:00:00,1.42791,1.43909,3632,5102,12313,2053,835252.5947384811
2014-02-04 00:00:00,1.61605,1.61532,4277,5799,13853,2058,838329.8083225146
2014-02-11 00:00:00,1.65976,1.6647299999999998,4424,5816,14062,1997,827277.6060405433
2014-02-18 00:00:00,2.05459,2.0058,4740,7322,16674,2058,819425.981704998
2014-02-25 00:00:00,2.53541,2.62227,5432,6848,17602,2067,679237.3286962762
2014-03-04 00:00:00,2.54253,2.6074900000000003,6185,9106,22905,2097,857028.9488850674
2014-03-11 00:00:00,3.60563,3.4178,7424,13050,29172,2069,837142.9229095831
2014-03-18 00:00:00,4.90976,4.46555,9270,16418,37382,2016,823484.7380959429
2014-03-25 00:00:00,5.98221,6.11497,10363,13951,40533,1984,672059.1441685703
2014-04-01 00:00:00,5.47421,5.3097900000000005,9732,9406,36891,1983,700406.6153363002
2014-04-08 00:00:00,4.2137400000000005,4.0789800000000005,7160,9589,31483,1958,761269.5003710414
2014-04-15 00:00:00,4.21022,3.93762,7044,11966,31204,1971,778108.8036455837
2014-04-22 00:00:00,4.25968,4.15076,7840,13949,33221,1966,788412.4429422037
2014-04-29 00:00:00,3.97761,3.87899,7118,13159,30621,1955,774298.0067653807
2014-05-06 00:00:00,3.634430000000001,3.45794,6656,12093,28151,1950,799547.7635875854
2014-05-13 00:00:00,3.26527,3.06359,6429,10328,25218,1917,809187.1630682843
2014-05-20 00:00:00,2.93083,2.82646,5537,8164,21109,1907,732330.3079502042
2014-05-27 00:00:00,2.54474,2.3599,4823,7280,19178,1934,796505.5620884354
2014-06-03 00:00:00,2.47227,2.33472,4639,7116,18441,1912,776652.4784039765
2014-06-10 00:00:00,2.35665,2.21286,4710,6748,17833,1907,792958.5492396257
2014-06-17 00:00:00,2.17008,2.07619,4559,6084,16695,1883,792990.9119913869
2014-06-24 00:00:00,2.04297,2.01267,4418,6003,16122,1848,790014.9748445525
2014-07-01 00:00:00,1.954,1.94192,4174,5623,14975,1819,763248.9654198787
2014-07-08 00:00:00,1.72287,1.74809,3903,4634,13733,1820,775773.0716415612
2014-07-15 00:00:00,1.53694,1.50367,3448,4214,12044,1813,792525.6504421721
2014-07-22 00:00:00,1.38283,1.43494,3182,4011,10860,1768,751052.7651106004
2014-07-29 00:00:00,1.46265,1.45673,3203,4280,11095,1753,756210.4297806153
2014-08-05 00:00:00,1.38934,1.42836,3106,4079,10694,1735,746936.7077209335
2014-08-12 00:00:00,1.3468,1.35297,2805,3641,9671,1688,716903.662099224
2014-08-19 00:00:00,1.25452,1.33093,2754,3296,9024,1622,685366.256467158
2014-08-26 00:00:00,1.21636,1.28422,2593,2714,7913,1579,631853.6049230965
2014-09-02 00:00:00,1.16734,1.13889,2211,2345,6946,1505,627742.0598642677
2014-09-09 00:00:00,1.04654,1.10343,2109,2284,6744,1455,627365.1685836195
2014-09-16 00:00:00,0.943661,0.970748,1734,2046,5850,1459,621574.108540807
2014-09-23 00:00:00,0.935046,0.998681,1897,1921,5913,1445,612160.5490127155
2014-09-30 00:00:00,0.934726,0.978057,1678,1701,5232,1417,562307.3682767656
2014-10-07 00:00:00,0.864118,0.866431,1546,1675,5116,1428,613507.4479943452
2014-10-14 00:00:00,0.806535,0.827757,1487,1609,4870,1411,608597.8214154793
2014-10-21 00:00:00,0.742747,0.7975720000000001,1383,1498,4626,1401,600745.874113695
2014-10-28 00:00:00,0.737859,0.811221,1415,1459,4605,1352,589778.3258989423
2014-11-04 00:00:00,0.743224,0.8211649999999999,1392,1590,4753,1364,600663.7976137957
2014-11-11 00:00:00,0.805251,0.819435,1330,1667,4750,1340,602187.2744267948
2014-11-18 00:00:00,0.816943,0.8480409999999999,1429,1815,5173,1356,626361.5995596525
2014-11-25 00:00:00,0.8145180000000001,0.888524,1687,2033,5648,1362,650949.8250656863
2014-12-02 00:00:00,0.86067,0.962826,1636,2292,5963,1354,639110.4565284238
2014-12-09 00:00:00,0.886704,1.02252,1714,2169,5970,1349,603772.7501064301
2014-12-16 00:00:00,1.00845,1.08392,1993,2744,7062,1369,651524.0
2014-12-23 00:00:00,1.06625,1.17724,2178,2947,7704,1367,654414.0
2014-12-30 00:00:00,1.05995,1.1716,2170,2746,7626,1332,650904.0
2015-01-06 00:00:00,1.22559,1.24325,2849,3693,10049,1963,808287.0
2015-01-13 00:00:00,1.31066,1.3234,3016,4007,10715,1976,809660.0
2015-01-20 00:00:00,1.3711,1.40399,3263,4360,11584,1995,825079.0
2015-01-27 00:00:00,1.39171,1.37629,3141,4148,11164,1999,811165.0
2015-02-03 00:00:00,1.4371200000000002,1.46866,3563,4783,12423,2048,845875.0
2015-02-10 00:00:00,1.50165,1.533,3746,4725,12676,2028,826877.0
2015-02-17 00:00:00,1.59805,1.60841,3960,5076,13484,2023,838344.0
2015-02-24 00:00:00,1.89668,1.90047,3974,4073,12158,2000,639738.0
2015-03-03 00:00:00,1.67728,1.73645,4469,5076,14617,2040,841777.0
2015-03-10 00:00:00,1.78296,1.81945,4575,5384,14986,2020,823657.0
2015-03-17 00:00:00,1.87336,1.96571,5135,5105,15396,2000,783227.0
2015-03-24 00:00:00,2.32148,2.42021,5377,4317,14839,1978,613128.0
2015-03-31 00:00:00,2.40991,2.41083,5700,4011,15679,1949,650356.0
2015-04-07 00:00:00,1.94328,1.98859,4775,4494,15654,2004,787192.0
2015-04-14 00:00:00,1.99796,1.98985,4574,5362,15517,2005,779809.0000000001
2015-04-21 00:00:00,2.11829,2.1071,4804,5380,15661,2008,743249.0
2015-04-28 00:00:00,2.25112,2.19256,5088,6882,18143,2026,827482.0
2015-05-05 00:00:00,2.37116,2.3001400000000003,5135,7353,18944,2007,823601.9999999999
2015-05-12 00:00:00,2.80035,2.67574,5645,8434,21774,2000,813755.0
2015-05-19 00:00:00,3.16475,3.02427,5997,9325,24681,1993,816098.0
2015-05-26 00:00:00,3.15183,3.11328,6299,10127,26423,1956,848718.0
2015-06-02 00:00:00,3.3321,3.3278800000000004,6619,11415,28468,1952,855439.0
2015-06-09 00:00:00,3.5602400000000003,3.5918,6660,11856,30481,1922,848627.9999999999
2015-06-16 00:00:00,3.05479,3.09262,5574,9334,24894,1898,804948.0
2015-06-23 00:00:00,2.76732,2.78803,5187,8489,21940,1900,786936.0
2015-06-30 00:00:00,2.44161,2.52371,4581,7392,19603,1832,776752.0
2015-07-07 00:00:00,2.03348,2.12928,3707,6403,16769,1813,787543.0
2015-07-14 00:00:00,1.98593,2.05142,3572,6595,16261,1805,792672.0
2015-07-21 00:00:00,1.91514,1.98957,3515,6357,15437,1774,775895.0
2015-07-28 00:00:00,1.69968,1.7858,3157,5557,13836,1759,774777.0
2015-08-04 00:00:00,1.57635,1.60144,2772,4729,11870,1742,741210.0
2015-08-11 00:00:00,1.3935,1.4743,2871,4046,10707,1690,726244.0
2015-08-18 00:00:00,1.29941,1.42286,2688,3630,9798,1626,688612.0
2015-08-25 00:00:00,1.18379,1.38196,2612,3126,8787,1439,635835.0
2015-09-01 00:00:00,1.13723,1.33712,2545,2620,7997,1482,598077.0
2015-09-08 00:00:00,1.04118,1.13894,2293,2313,7201,1446,632252.0
2015-09-15 00:00:00,0.971814,1.09641,2189,2171,6768,1440,617287.0000000001
2015-09-22 00:00:00,0.8633059999999999,0.999559,2062,1905,6024,1402,602666.0
2015-09-29 00:00:00,0.8337969999999999,0.99095,1873,1810,5686,1382,573793.0
2015-10-06 00:00:00,0.784516,0.931253,1646,1641,5118,1379,549582.0
2015-10-13 00:00:00,0.7343270000000001,0.843118,1610,1599,5078,1392,602288.0
2015-10-20 00:00:00,0.6988449999999999,0.8402860000000001,1670,1621,5044,1388,600272.0
2015-10-27 00:00:00,0.7230989999999999,0.8300649999999999,1580,1624,4925,1393,593326.9999999999
2015-11-03 00:00:00,0.663501,0.790428,1455,1496,4596,1360,581457.0
2015-11-10 00:00:00,0.69276,0.8308260000000001,1512,1639,4868,1329,585923.0
2015-11-17 00:00:00,0.710029,0.8567959999999999,1644,1914,5265,1345,614499.0
2015-11-24 00:00:00,0.834232,1.00746,1848,2364,6260,1356,621362.0
2015-12-01 00:00:00,0.992621,1.0586799999999998,1815,2651,6504,1354,614349.0
2015-12-08 00:00:00,1.01605,1.10028,1883,2604,6623,1347,601938.0
2015-12-15 00:00:00,1.07169,1.1457,2026,3073,7639,1365,666755.0
2015-12-22 00:00:00,1.10163,1.2189,2341,3298,8229,1363,675119.0
2015-12-29 00:00:00,1.18841,1.31113,2413,3334,8505,1389,648678.0
2016-01-05 00:00:00,1.2019,1.27386,3110,4169,10864,1946,852842.0
2016-01-12 00:00:00,1.23108,1.29342,3207,4078,10997,1973,850228.0
2016-01-19 00:00:00,1.26796,1.33097,3564,4452,11926,1983,896035.0
2016-01-26 00:00:00,1.36298,1.42662,3786,4769,12648,2006,886570.0
2016-02-02 00:00:00,1.48535,1.57071,4314,5287,13790,1999,877947.0
2016-02-09 00:00:00,1.55954,1.65146,4703,5193,14258,1990,863355.9999999999
2016-02-16 00:00:00,1.64783,1.7330900000000002,4979,5610,15160,2000,874739.0
2016-02-23 00:00:00,1.91275,2.03388,5032,4567,14208,2011,698566.0
2016-03-01 00:00:00,1.81725,1.88331,5209,5655,16605,2001,881694.0
2016-03-08 00:00:00,1.91433,2.00292,5501,5812,16961,2013,846813.0
2016-03-15 00:00:00,2.21003,2.27731,5744,6724,18463,2000,810736.0
2016-03-22 00:00:00,2.73568,2.91465,6653,7469,21565,1977,739882.0
2016-03-29 00:00:00,3.36832,3.5491900000000003,7712,7144,24900,1928,701569.0
2016-04-05 00:00:00,3.09689,3.08102,6716,6786,24178,2024,784740.0
2016-04-12 00:00:00,3.07346,3.01875,6020,8843,24897,1997,824746.0
2016-04-19 00:00:00,3.51643,3.40446,6399,12147,28781,2029,845391.0
2016-04-26 00:00:00,3.8027,3.52869,6958,14073,31265,2021,886023.0
2016-05-03 00:00:00,4.5031300000000005,4.10665,7452,17482,36517,2024,889216.0
2016-05-10 00:00:00,5.06308,4.7551,8110,20150,42890,2027,901978.0
2016-05-17 00:00:00,4.8600900000000005,4.65163,7726,18692,41035,1967,882163.0
2016-05-24 00:00:00,4.57916,4.57049,7649,17300,40124,1987,877892.0
2016-05-31 00:00:00,3.55674,3.45522,6129,12394,30183,1995,873547.0
2016-06-07 00:00:00,3.50417,3.29505,5854,11552,28060,1971,851580.0
2016-06-14 00:00:00,3.21511,3.16426,5503,10084,25484,1958,805370.0
2016-06-21 00:00:00,3.10088,3.14433,5514,11503,27354,1940,869946.0
2016-06-28 00:00:00,2.79056,2.87936,5145,10149,24342,1899,845397.0
2016-07-05 00:00:00,2.38547,2.36977,4488,8178,19677,1906,830332.0
2016-07-12 00:00:00,1.9703,1.93853,3909,5847,15548,1861,802051.9999999999
2016-07-19 00:00:00,1.73442,1.64064,3306,4683,13006,1845,792740.0
2016-07-26 00:00:00,1.56303,1.4752,2997,4497,11924,1846,808298.0
2016-08-02 00:00:00,1.4128,1.37755,2890,4105,10762,1795,781240.0
2016-08-09 00:00:00,1.27492,1.33771,2751,3831,10202,1767,762648.0
2016-08-16 00:00:00,1.2834,1.34686,2685,3518,9809,1746,728288.0
2016-08-23 00:00:00,1.1666299999999998,1.26579,2341,3060,8564,1614,676574.0
2016-08-30 00:00:00,1.10977,1.25701,2311,2575,7756,1569,617021.0
2016-09-06 00:00:00,1.04333,1.16048,2412,2377,7510,1493,647145.0
2016-09-13 00:00:00,0.905151,1.04834,2049,2099,6636,1470,633003.0
2016-09-20 00:00:00,0.902718,0.992711,1930,1971,6240,1469,628581.9999999999
2016-09-27 00:00:00,0.8595309999999999,0.961603,1771,1748,5596,1422,581945.0
2016-10-04 00:00:00,0.818998,0.955818,1728,1564,5326,1456,557218.9999999999
2016-10-11 00:00:00,0.752505,0.8275969999999999,1545,1578,4961,1405,599446.0
2016-10-18 00:00:00,0.731146,0.811886,1549,1421,4747,1384,584688.0
2016-10-25 00:00:00,0.733295,0.818527,1576,1515,4879,1377,596071.0
2016-11-01 00:00:00,0.73102,0.829758,1529,1485,4899,1390,590413.0
2016-11-08 00:00:00,0.68834,0.8285030000000001,1559,1481,4915,1386,593239.0
2016-11-15 00:00:00,0.732049,0.8858959999999999,1603,1691,5230,1350,590363.0
2016-11-22 00:00:00,0.911188,1.05351,1964,2549,6653,1379,631507.0
2016-11-29 00:00:00,1.02105,1.11768,2076,2726,7133,1370,638196.0
2016-12-06 00:00:00,1.09495,1.14028,2073,2488,7072,1384,620201.0
2016-12-13 00:00:00,1.09475,1.13326,2372,2942,8304,1485,732755.0
2016-12-20 00:00:00,1.09775,1.17589,2544,3075,8563,1484,728214.0
2016-12-27 00:00:00,1.18882,1.23848,2840,3201,9079,1468,733077.0
2017-01-03 00:00:00,1.26589,1.2802,3849,4556,12839,2220,1002892.0
2017-01-10 00:00:00,1.30479,1.33123,4118,4453,13267,2245,996595.0
2017-01-17 00:00:00,1.34075,1.40786,4408,4993,14319,2266,1017076.0000000001
2017-01-24 00:00:00,1.51674,1.5722,5006,5531,15832,2266,1006998.0
2017-01-31 00:00:00,1.74583,1.7032599999999998,5219,6134,17069,2222,1002140.0
2017-02-07 00:00:00,1.88708,1.86636,6126,6671,19057,2288,1021079.0
2017-02-14 00:00:00,2.05923,2.07647,6880,7577,21892,2296,1054290.0
2017-02-21 00:00:00,2.27971,2.33593,6945,5875,19816,2271,848314.0
2017-02-28 00:00:00,2.28379,2.24637,7008,7474,23752,2279,1057350.0
2017-03-07 00:00:00,2.58278,2.49504,7229,8488,24955,2272,1000183.0
2017-03-14 00:00:00,3.3655800000000005,3.2005,8285,11259,31502,2262,984283.0
2017-03-21 00:00:00,4.73117,4.43807,10447,14166,42782,2211,963978.0
2017-03-28 00:00:00,5.70943,5.46361,11335,11540,45255,2132,828299.0
2017-04-04 00:00:00,5.746580000000001,5.35765,9410,11717,47269,2243,882271.0
2017-04-11 00:00:00,5.89207,5.524369999999999,10053,17357,56761,2257,1027466.0
2017-04-18 00:00:00,6.51759,6.345280000000001,11997,21897,63036,2286,993431.0
2017-04-25 00:00:00,7.16338,7.018110000000001,13408,30625,77326,2288,1101807.0
2017-05-02 00:00:00,7.52133,7.7809,14844,37200,85985,2275,1105078.0
2017-05-09 00:00:00,7.38748,7.76939,15192,38606,87825,2299,1130397.0
2017-05-16 00:00:00,6.44688,6.8117600000000005,13365,32124,76210,2227,1118800.0
2017-05-23 00:00:00,4.95881,5.15749,10154,20450,53025,2272,1028116.0
2017-05-30 00:00:00,3.68612,3.55945,7208,13392,36064,2208,1013191.0
2017-06-06 00:00:00,3.18626,3.00518,6368,10850,29133,2214,969427.0
2017-06-13 00:00:00,2.76894,2.73038,5588,9468,25938,2201,949978.0
2017-06-20 00:00:00,2.48706,2.47768,5223,8640,23805,2180,960779.0
2017-06-27 00:00:00,2.40802,2.36314,4721,7214,20693,2144,875658.0
2017-07-04 00:00:00,2.07483,2.03139,4553,6218,19074,2127,938963.0
2017-07-11 00:00:00,1.77898,1.80376,4145,5505,16664,2086,923848.0
2017-07-18 00:00:00,1.61487,1.58696,3856,5269,14869,2112,936950.0
2017-07-25 00:00:00,1.5385,1.53801,3723,5336,14552,2088,946160.0
2017-08-01 00:00:00,1.52612,1.44974,3658,4815,13291,2018,916783.0
2017-08-08 00:00:00,1.28847,1.27729,3444,4133,11619,1933,909661.0
2017-08-15 00:00:00,1.18344,1.22051,3359,3764,11066,1977,906668.0
2017-08-22 00:00:00,1.24919,1.23235,3385,3429,10646,1896,863879.0
2017-08-29 00:00:00,1.14131,1.223,3220,2987,9608,1802,785606.0
2017-09-05 00:00:00,0.9878,1.0473,2847,2552,8693,1798,830040.0
2017-09-12 00:00:00,0.8955649999999999,0.978113,2375,2245,7573,1753,774246.0000000001
2017-09-19 00:00:00,0.8922040000000001,0.947548,2312,2162,7373,1773,778113.9999999999
2017-09-26 00:00:00,0.877184,0.867554,2206,1916,6947,1736,800757.0
2017-10-03 00:00:00,0.780203,0.8232799999999999,2009,1862,6258,1780,760130.0
2017-10-10 00:00:00,0.725075,0.771497,1943,1901,6501,1785,842647.0
2017-10-17 00:00:00,0.68247,0.706819,1741,1720,5786,1748,818597.0
2017-10-24 00:00:00,0.640393,0.6851550000000001,1665,1643,5497,1741,802300.0
2017-10-31 00:00:00,0.639127,0.687351,1618,1769,5612,1724,816468.0
2017-11-07 00:00:00,0.705637,0.735733,1726,1784,5861,1690,796621.0
2017-11-14 00:00:00,0.707801,0.806048,1986,2170,6537,1725,810994.0
2017-11-21 00:00:00,0.822659,0.944013,2239,2468,7323,1610,775731.0
2017-11-28 00:00:00,0.859864,0.960101,2445,2830,8111,1681,844807.0000000001
2017-12-05 00:00:00,1.10083,1.14128,2814,3343,9530,1710,835027.0
2017-12-12 00:00:00,1.15323,1.14784,2773,3660,10065,1708,876862.0
2017-12-19 00:00:00,1.2017799999999998,1.31156,3242,3949,11189,1684,853109.0
2017-12-26 00:00:00,1.2498,1.26102,3481,4198,11767,1710,933130.0
2018-01-02 00:00:00,1.41876,1.41974,4887,6341,17975,2611,1266076.0
2018-01-09 00:00:00,1.40077,1.473,5332,6279,18652,2651,1266257.0
2018-01-16 00:00:00,1.47139,1.58968,5589,6802,19948,2623,1254843.9999999998
2018-01-23 00:00:00,1.63634,1.7220799999999998,6249,7487,21634,2678,1256271.0
2018-01-30 00:00:00,1.79125,1.84114,6869,8291,23169,2666,1258405.0
2018-02-06 00:00:00,1.86871,1.92692,7509,8451,24085,2672,1249921.0
2018-02-13 00:00:00,1.98121,2.0852,7821,8076,24419,2665,1171062.0
2018-02-20 00:00:00,2.23487,2.40063,8607,7197,24635,2618,1026187.0000000001
2018-02-27 00:00:00,2.1457200000000003,2.24479,8890,8788,29096,2666,1296156.0
2018-03-06 00:00:00,2.2513400000000003,2.29962,8809,9276,28377,2658,1233986.0
2018-03-13 00:00:00,2.6411,2.73181,10156,11376,33113,2650,1212127.0
2018-03-20 00:00:00,3.13478,3.24012,11515,12816,38260,2596,1180820.0
2018-03-27 00:00:00,3.96538,4.18077,13615,12044,44012,2581,1052725.0
2018-04-03 00:00:00,3.45972,3.63095,11686,9572,42135,2630,1160440.0
2018-04-10 00:00:00,3.07558,3.13643,9369,10758,38815,2656,1237552.0
2018-04-17 00:00:00,3.3258,3.3621300000000005,9703,14265,41199,2658,1225384.0
2018-04-24 00:00:00,3.797730000000001,3.88115,10765,16965,46241,2677,1191426.0
2018-05-01 00:00:00,4.34227,4.52235,11628,22217,55264,2668,1222020.0
2018-05-08 00:00:00,4.86953,5.20091,13899,29772,69732,2673,1340765.0
2018-05-15 00:00:00,5.0368900000000005,5.42034,14246,29255,70056,2655,1292464.0
2018-05-22 00:00:00,4.8812,5.27078,13634,26502,66461,2655,1260932.0
2018-05-29 00:00:00,4.54791,4.58991,11647,23468,58802,2658,1281115.0
2018-06-05 00:00:00,4.3762,4.39714,11168,21760,55431,2637,1260615.0
2018-06-12 00:00:00,4.22692,4.12777,10986,20081,53177,2646,1288273.0000000002
2018-06-19 00:00:00,3.68251,3.5027800000000004,9721,16800,45668,2653,1303765.0
2018-06-26 00:00:00,3.0855900000000003,3.04819,8644,13642,37948,2619,1244935.0
2018-07-03 00:00:00,2.69831,2.67984,7606,11768,32941,2620,1229217.0
2018-07-10 00:00:00,2.28676,2.26612,6754,10005,27854,2568,1229148.0
2018-07-17 00:00:00,2.01217,1.96484,6325,7904,23147,2542,1178058.0
2018-07-24 00:00:00,1.71323,1.7220099999999998,5698,6621,20610,2516,1196855.0
2018-07-31 00:00:00,1.5667799999999998,1.5728,5369,6207,18864,2485,1199386.0
2018-08-07 00:00:00,1.49827,1.45718,4789,5906,17107,2444,1173980.0
2018-08-14 00:00:00,1.49961,1.50332,4649,5530,16459,2336,1094840.0
2018-08-21 00:00:00,1.42123,1.40257,4601,5234,15763,2224,1123869.0
2018-08-28 00:00:00,1.39258,1.4035799999999998,4442,4660,14776,2196,1052737.0
2018-09-04 00:00:00,1.21697,1.23749,3937,4115,13451,2258,1086961.0
2018-09-11 00:00:00,1.11266,1.12161,3506,3741,12106,2206,1079343.0
2018-09-18 00:00:00,0.991888,1.01276,3056,3288,10695,2159,1056023.9999999998
2018-09-25 00:00:00,0.946401,0.959768,2955,3117,10027,2084,1044732.0000000001
2018-10-02 00:00:00,0.8746950000000001,0.8789170000000001,2512,2726,8722,2154,992358.0
2018-10-09 00:00:00,0.8091689999999999,0.794181,2346,2661,8425,2111,1060841.0
2018-10-16 00:00:00,0.75452,0.7663939999999999,2222,2571,8116,2154,1058986.0
2018-10-23 00:00:00,0.7329829999999999,0.748613,2138,2466,7787,2140,1040191.0
2018-10-30 00:00:00,0.725811,0.757116,2354,2438,7884,2151,1041320.0
2018-11-06 00:00:00,0.754209,0.770094,2102,2392,8060,2167,1046625.0
2018-11-13 00:00:00,0.729672,0.833506,2634,2831,8994,2200,1079056.0000000002
2018-11-20 00:00:00,0.839875,0.94034,2911,3503,10103,2170,1074399.0
2018-11-27 00:00:00,0.989358,1.08197,3428,4244,11904,2193,1100212.0
2018-12-04 00:00:00,1.1354,1.20216,3810,4548,13188,2217,1097022.0
2018-12-11 00:00:00,1.23124,1.27291,3912,5502,14843,2247,1166071.0
2018-12-18 00:00:00,1.24448,1.3881,4469,5678,16001,2224,1152730.0
2018-12-25 00:00:00,1.3379,1.49515,4981,6121,17453,2211,1167310.9999999998
2019-01-01 00:00:00,1.49002,1.50284,6219,7658,21916,2912,1458307.0
2019-01-08 00:00:00,1.59192,1.59764,6550,7638,22954,2942,1436748.0
2019-01-15 00:00:00,1.72572,1.73931,7287,8292,24886,2966,1430800.0
2019-01-22 00:00:00,1.83419,1.86039,7892,9349,27419,2997,1473831.0
2019-01-29 00:00:00,2.04008,2.01412,8658,10068,28910,3005,1435369.0
2019-02-05 00:00:00,2.39351,2.36364,10557,12551,34586,3022,1463253.0
2019-02-12 00:00:00,2.63251,2.64428,11446,13671,37732,2991,1426928.0
2019-02-19 00:00:00,2.89941,2.97387,12716,17058,44161,2987,1484969.0
2019-02-26 00:00:00,3.41501,3.4538900000000003,14444,14821,44044,2993,1275199.0
2019-03-05 00:00:00,3.2579,3.31281,13852,16397,48904,2995,1476208.0
2019-03-12 00:00:00,3.94308,3.86928,14728,21877,56444,2958,1458774.0
2019-03-19 00:00:00,5.06435,5.02613,18001,29182,71594,2926,1424436.0
2019-03-26 00:00:00,7.061610000000001,7.15315,24097,34004,95757,2917,1338669.0
2019-04-02 00:00:00,5.90066,6.21936,21594,23392,88731,2970,1426691.0
2019-04-09 00:00:00,4.9402,5.06711,15564,22756,75614,3002,1492251.0000000002
2019-04-16 00:00:00,5.33135,5.35768,16587,29668,79783,2995,1489132.0
2019-04-23 00:00:00,6.07822,6.02274,18574,35275,90150,2997,1496826.0
2019-04-30 00:00:00,6.74724,6.8727100000000005,20299,44117,108307,2995,1575900.0
2019-05-07 00:00:00,6.80157,7.08558,20270,45513,111361,3005,1571657.0
2019-05-14 00:00:00,6.11292,6.220680000000001,17393,36909,95418,2969,1533883.0
2019-05-21 00:00:00,5.52513,5.619680000000001,15330,28531,80559,2984,1433517.0
2019-05-28 00:00:00,5.12333,5.10268,13820,25490,74823,2947,1466346.0
2019-06-04 00:00:00,5.26652,5.289280000000001,13888,26396,78779,2913,1489410.0
2019-06-11 00:00:00,5.66932,6.28745,14154,27756,89607,2847,1425172.0
2019-06-18 00:00:00,6.3802900000000005,7.35285,10790,17512,78584,2810,1068755.0
2019-06-25 00:00:00,4.916919999999999,6.22687,5129,8322,53142,2738,853431.0000000001
2019-07-02 00:00:00,3.78625,4.82995,2359,4852,36251,2696,750546.0
2019-07-09 00:00:00,2.8012200000000003,3.47366,1496,3426,24974,2698,718953.0
2019-07-16 00:00:00,2.12907,2.57391,1068,2667,18274,2679,709970.0
2019-07-23 00:00:00,1.73315,2.02032,926,2317,15164,2663,750575.9999999999
2019-07-30 00:00:00,1.40939,1.6211,864,2098,12821,2635,790883.0
2019-08-06 00:00:00,1.18657,1.35218,720,1883,11058,2624,817791.0000000001
2019-08-13 00:00:00,1.11444,1.23805,788,1960,10480,2613,846493.0
2019-08-20 00:00:00,1.00711,1.07708,900,2221,11416,2963,1059901.0
2019-08-27 00:00:00,0.8898780000000001,0.887647,805,1893,9605,2946,1082074.0
2019-09-03 00:00:00,0.815858,0.8209780000000001,801,1967,9318,2925,1134988.0
2019-09-10 00:00:00,0.837779,0.814955,878,2139,9572,2899,1174543.0
2019-09-17 00:00:00,0.929189,0.951491,1005,2679,11866,2935,1247096.0
2019-09-24 00:00:00,1.13871,1.20333,1212,3487,15490,2892,1287264.0
2019-10-01 00:00:00,1.27591,1.38465,1394,3965,17826,2888,1287401.0
2019-10-08 00:00:00,1.34978,1.47371,1544,4092,20043,2913,1360037.0
2019-10-15 00:00:00,1.34436,1.43806,1657,4070,19250,2887,1338613.0
2019-10-22 00:00:00,1.22126,1.21924,1634,3554,16523,2948,1355190.0
2019-10-29 00:00:00,1.15381,1.1519,1608,3493,15514,2986,1346820.0
2019-11-05 00:00:00,1.0649,1.05776,1570,3268,14103,2945,1333292.0
2019-11-12 00:00:00,0.979173,0.980887,1587,3141,13131,2965,1338686.0
2019-11-19 00:00:00,0.967664,0.959772,1804,3263,12900,2923,1344069.0
2019-11-26 00:00:00,1.00158,0.972423,1864,3942,13138,2957,1351058.0
2019-12-03 00:00:00,0.917339,0.915323,1766,3574,12232,2907,1336359.0
2019-12-10 00:00:00,1.02954,0.97981,1995,3806,13001,2894,1326890.0
2019-12-17 00:00:00,0.975797,0.956785,2068,3609,13005,2921,1359239.0
2019-12-24 00:00:00,1.0586,1.0348,2273,4311,14457,2919,1397083.0
2019-12-31 00:00:00,1.08369,1.0713,2460,4710,16493,3318,1539527.0
2020-01-07 00:00:00,1.2079799999999998,1.18587,2553,5248,19156,3351,1615360.0
2020-01-14 00:00:00,1.10574,1.08922,2305,4611,17233,3335,1582135.0
2020-01-21 00:00:00,1.1882700000000002,1.14924,2445,4855,18150,3356,1579306.0
2020-01-28 00:00:00,1.25309,1.18999,2517,4929,18607,3451,1563622.9999999998
2020-02-04 00:00:00,1.44223,1.33645,2727,5851,21401,3453,1601333.0
2020-02-11 00:00:00,1.48489,1.37774,2775,5546,22603,3423,1640587.0
2020-02-18 00:00:00,1.55053,1.42728,2689,5346,22695,3362,1590088.0
2020-02-25 00:00:00,1.60937,1.4964,2483,4579,21297,3366,1423220.0
2020-03-03 00:00:00,1.56746,1.44898,2603,4868,22270,3368,1536943.0
2020-03-10 00:00:00,1.52214,1.43002,2566,4721,22203,3386,1552636.0
2020-03-17 00:00:00,1.50787,1.39865,2482,4278,20865,3325,1491798.0
2020-03-24 00:00:00,1.55631,1.45757,2323,3563,19840,3329,1361170.0
2020-03-31 00:00:00,1.5924,1.53951,2585,3934,22433,3307,1457151.0
2020-04-07 00:00:00,1.4767,1.43551,2413,4546,22702,3336,1581455.0
2020-04-14 00:00:00,1.29451,1.26458,2380,4055,19186,3313,1517183.0
2020-04-21 00:00:00,1.2526,1.21119,2566,4049,18337,3338,1513962.0
2020-04-28 00:00:00,1.10043,1.1221,2558,3937,16877,3344,1504061.0
2020-05-05 00:00:00,1.17828,1.08335,2632,3997,16033,3310,1479946.0
2020-05-12 00:00:00,1.02473,0.977093,2554,3726,14054,3260,1438348.0
2020-05-19 00:00:00,0.990461,0.909742,2317,3143,12567,3261,1381381.0
2020-05-26 00:00:00,0.862614,0.8613219999999999,2534,3525,13244,3271,1537636.0
2020-06-02 00:00:00,0.839059,0.846722,2756,3528,12913,3258,1525058.0
2020-06-09 00:00:00,0.895958,0.908885,3203,3778,13979,3254,1538038.0
2020-06-16 00:00:00,0.910926,0.941625,3478,3796,14389,3177,1528103.0
2020-06-23 00:00:00,0.946945,0.972185,3734,3818,14999,3066,1542813.0
2020-06-30 00:00:00,0.963716,1.01376,3955,3843,15307,3027,1509928.0
